[{"id":"6287796518120@c.us","time":"19/02/21 08:43:19","reason":"nemenin temen"},{"id":"60108002301@c.us","time":"22/02/21 16:36:04","reason":"males"},{"id":"6288274128597@c.us","time":"23/02/21 15:37:02","reason":"lah 🤣🤣🤣🤣🤣🔪🔪🔪🔪🔪"},{"id":"6289524335724@c.us","time":"25/02/21 22:42:17","reason":"Nyari lonte"},{"id":"6289530038518@c.us","time":"28/02/21 10:04:12","reason":"lagi main"},{"id":"6285803357947@c.us","time":"28/02/21 12:02:16","reason":"boker"},{"id":"628971470094@c.us","time":"01/03/21 18:52:13","reason":"lari dari kejaran bang anto sambil nyari hentai dinekopoi🐦"},{"id":"62895640204399@c.us","time":"03/03/21 20:03:55","reason":"selama seminggu"},{"id":"6288238594724@c.us","time":"03/03/21 20:44:10","reason":"ngerjain soal PTS, Lagi Depresod soal IPA fisika n kimia"},{"id":"62895396839676@c.us","time":"03/03/21 20:44:49","reason":"GAK LAMA LAGI GUE UJIAN JADI GUE MAU KE FOKUS KR UJIAN"},{"id":"62895602320530@c.us","time":"03/03/21 20:44:59","reason":"mau gosok burung dlu biar bersih"},{"id":"6283809475292@c.us","time":"03/03/21 20:45:38","reason":"mau ceeran"},{"id":"6281515679916@c.us","time":"03/03/21 20:57:39","reason":"COLI"},{"id":"6281572753817@c.us","time":"03/03/21 21:07:29","reason":"Tugas Bejibun"},{"id":"6285664255384@c.us","time":"03/03/21 21:10:28","reason":"nge gabut🐦"}]