[{"id":"6289512497753@c.us","link":"https://i.ibb.co/tYf3jmz/amos-yan-no-entry-1.jpg"},{"id":"6285749338645@c.us","link":"https://i.ibb.co/tYf3jmz/amos-yan-no-entry-1.jpg"},{"id":"6287811078485@c.us","link":"https://telegra.ph/file/56e4a0b9558535022c9d1.jpg"},{"id":"6281515679916@c.us","link":"https://telegra.ph/file/412f3dc582972a29ec41e.jpg"},{"id":"6285266181562@c.us","link":"https://i.ibb.co/tYf3jmz/amos-yan-no-entry-1.jpg"},{"id":"6289512820805@c.us","link":"https://i.ibb.co/tYf3jmz/amos-yan-no-entry-1.jpg"},{"id":"6282255491728@c.us","link":"https://i.ibb.co/tYf3jmz/amos-yan-no-entry-1.jpg"},{"id":"6285714417569@c.us","link":"https://i.ibb.co/tYf3jmz/amos-yan-no-entry-1.jpg"},{"id":"6282123984261@c.us","link":"https://i.ibb.co/tYf3jmz/amos-yan-no-entry-1.jpg"},{"id":"6285754592119@c.us","link":"https://i.ibb.co/tYf3jmz/amos-yan-no-entry-1.jpg"},{"id":"6282255011100@c.us","link":"https://i.ibb.co/tYf3jmz/amos-yan-no-entry-1.jpg"},{"id":"6287775452636@c.us","link":"https://i.ibb.co/tYf3jmz/amos-yan-no-entry-1.jpg"},{"id":"6289671360879@c.us","link":"https://i.ibb.co/tYf3jmz/amos-yan-no-entry-1.jpg"},{"id":"6283194298212@c.us","link":"https://telegra.ph/file/f42a1a475559cc1090875.jpg"},{"id":"6285640184246@c.us","link":"https://telegra.ph/file/e8ec1949119c2ead42ab3.jpg"},{"id":"6285817352107@c.us","link":"https://i.ibb.co/tYf3jmz/amos-yan-no-entry-1.jpg"},{"id":"62895704406838@c.us","link":"https://telegra.ph/file/2657cc24b24a616f36441.jpg"},{"id":"6282369904940@c.us","link":"https://i.ibb.co/tYf3jmz/amos-yan-no-entry-1.jpg"},{"id":"6281317027579@c.us","link":"https://i.ibb.co/tYf3jmz/amos-yan-no-entry-1.jpg"},{"id":"6285870565949@c.us","link":"https://i.ibb.co/tYf3jmz/amos-yan-no-entry-1.jpg"},{"id":"6281572753817@c.us","link":"https://telegra.ph/file/2ea0ab63e49314f6ee0ef.jpg"},{"id":"6281245609194@c.us","link":"https://i.ibb.co/tYf3jmz/amos-yan-no-entry-1.jpg"},{"id":"6283861637846@c.us","link":"https://i.ibb.co/tYf3jmz/amos-yan-no-entry-1.jpg"},{"id":"6285204767606@c.us","link":"https://i.ibb.co/tYf3jmz/amos-yan-no-entry-1.jpg"},{"id":"6281211037493@c.us","link":"https://i.ibb.co/tYf3jmz/amos-yan-no-entry-1.jpg"},{"id":"62857708873501@c.us","link":"https://i.ibb.co/tYf3jmz/amos-yan-no-entry-1.jpg"},{"id":"62895411203064@c.us","link":"https://i.ibb.co/tYf3jmz/amos-yan-no-entry-1.jpg"},{"id":"6283818443018@c.us","link":"https://i.ibb.co/tYf3jmz/amos-yan-no-entry-1.jpg"},{"id":"6288299416462@c.us","link":"https://i.ibb.co/tYf3jmz/amos-yan-no-entry-1.jpg"},{"id":"6288293607643@c.us","link":"https://telegra.ph/file/fd602c33d69033e97be45.jpg"},{"id":"6281262773466@c.us","link":"https://i.ibb.co/tYf3jmz/amos-yan-no-entry-1.jpg"},{"id":"6282181568699@c.us","link":"https://i.ibb.co/tYf3jmz/amos-yan-no-entry-1.jpg"},{"id":"6285341626014@c.us","link":"https://i.ibb.co/tYf3jmz/amos-yan-no-entry-1.jpg"},{"id":"62895605421965@c.us","link":"https://i.ibb.co/tYf3jmz/amos-yan-no-entry-1.jpg"},{"id":"62895630243740@c.us","link":"https://i.ibb.co/tYf3jmz/amos-yan-no-entry-1.jpg"},{"id":"6285842528355@c.us","link":"https://i.ibb.co/tYf3jmz/amos-yan-no-entry-1.jpg"},{"id":"6285850901442@c.us","link":"https://i.ibb.co/tYf3jmz/amos-yan-no-entry-1.jpg"},{"id":"628995180801@c.us","link":"https://i.ibb.co/tYf3jmz/amos-yan-no-entry-1.jpg"},{"id":"6282313549797@c.us","link":"https://telegra.ph/file/5867adde3e5c6dc58245a.jpg"},{"id":"6289603967056@c.us","link":"https://i.ibb.co/tYf3jmz/amos-yan-no-entry-1.jpg"},{"id":"6289603591528@c.us","link":"https://i.ibb.co/tYf3jmz/amos-yan-no-entry-1.jpg"},{"id":"6289507363401@c.us","link":"https://i.ibb.co/tYf3jmz/amos-yan-no-entry-1.jpg"},{"id":"6288212692524@c.us","link":"https://i.ibb.co/tYf3jmz/amos-yan-no-entry-1.jpg"},{"id":"6289526565831@c.us","link":"https://i.ibb.co/tYf3jmz/amos-yan-no-entry-1.jpg"},{"id":"6283150210849@c.us","link":"https://i.ibb.co/tYf3jmz/amos-yan-no-entry-1.jpg"},{"id":"6283861132788@c.us","link":"https://i.ibb.co/tYf3jmz/amos-yan-no-entry-1.jpg"},{"id":"62895605417704@c.us","link":"https://i.ibb.co/tYf3jmz/amos-yan-no-entry-1.jpg"},{"id":"6281210344218@c.us","link":"https://i.ibb.co/tYf3jmz/amos-yan-no-entry-1.jpg"},{"id":"6289513085176@c.us","link":"https://telegra.ph/file/89acb80f953aac9fe9afe.jpg"},{"id":"6283140155545@c.us","link":"https://i.ibb.co/tYf3jmz/amos-yan-no-entry-1.jpg"},{"id":"628983735552@c.us","link":"https://i.ibb.co/tYf3jmz/amos-yan-no-entry-1.jpg"},{"id":"6289516790957@c.us","link":"https://i.ibb.co/tYf3jmz/amos-yan-no-entry-1.jpg"},{"id":"62895377222431@c.us","link":"https://i.ibb.co/tYf3jmz/amos-yan-no-entry-1.jpg"},{"id":"6288229930045@c.us","link":"https://i.ibb.co/tYf3jmz/amos-yan-no-entry-1.jpg"},{"id":"6281249472660@c.us","link":"https://i.ibb.co/tYf3jmz/amos-yan-no-entry-1.jpg"},{"id":"62895326679007@c.us","link":"https://i.ibb.co/tYf3jmz/amos-yan-no-entry-1.jpg"},{"id":"6287725679456@c.us","link":"https://i.ibb.co/tYf3jmz/amos-yan-no-entry-1.jpg"},{"id":"6289616685498@c.us","link":"https://i.ibb.co/tYf3jmz/amos-yan-no-entry-1.jpg"},{"id":"6288296504956@c.us","link":"https://i.ibb.co/tYf3jmz/amos-yan-no-entry-1.jpg"},{"id":"6281328532430@c.us","link":"https://i.ibb.co/tYf3jmz/amos-yan-no-entry-1.jpg"},{"id":"6287893046598@c.us","link":"https://i.ibb.co/tYf3jmz/amos-yan-no-entry-1.jpg"},{"id":"6285348778504@c.us","link":"https://i.ibb.co/tYf3jmz/amos-yan-no-entry-1.jpg"},{"id":"6285932243446@c.us","link":"https://i.ibb.co/tYf3jmz/amos-yan-no-entry-1.jpg"},{"id":"6289636089722@c.us","link":"https://i.ibb.co/tYf3jmz/amos-yan-no-entry-1.jpg"},{"id":"6282131374799@c.us","link":"https://i.ibb.co/tYf3jmz/amos-yan-no-entry-1.jpg"},{"id":"6285894276349@c.us","link":"https://i.ibb.co/tYf3jmz/amos-yan-no-entry-1.jpg"},{"id":"6289512155924@c.us","link":"https://i.ibb.co/tYf3jmz/amos-yan-no-entry-1.jpg"},{"id":"6285751983107@c.us","link":"https://i.ibb.co/tYf3jmz/amos-yan-no-entry-1.jpg"},{"id":"6285664255384@c.us","link":"https://telegra.ph/file/2ef47b1ef294c797235e8.jpg"},{"id":"6281413257771@c.us","link":"https://telegra.ph/file/983cf2c26e93a62fee8c8.jpg"},{"id":"6289676577500@c.us","link":"https://i.ibb.co/tYf3jmz/amos-yan-no-entry-1.jpg"},{"id":"6287824077640@c.us","link":"https://i.ibb.co/tYf3jmz/amos-yan-no-entry-1.jpg"},{"id":"6281918742690@c.us","link":"https://i.ibb.co/tYf3jmz/amos-yan-no-entry-1.jpg"},{"id":"628989773853@c.us","link":"https://i.ibb.co/tYf3jmz/amos-yan-no-entry-1.jpg"},{"id":"6289531636724@c.us","link":"https://i.ibb.co/tYf3jmz/amos-yan-no-entry-1.jpg"},{"id":"6285724063741@c.us","link":"https://i.ibb.co/tYf3jmz/amos-yan-no-entry-1.jpg"},{"id":"6289625114587@c.us","link":"https://i.ibb.co/tYf3jmz/amos-yan-no-entry-1.jpg"},{"id":"6285933259606@c.us","link":"https://telegra.ph/file/a60aa1515a7d3451029ba.jpg"},{"id":"6283825587611@c.us","link":"https://i.ibb.co/tYf3jmz/amos-yan-no-entry-1.jpg"},{"id":"628818558135@c.us","link":"https://i.ibb.co/tYf3jmz/amos-yan-no-entry-1.jpg"},{"id":"6281911081523@c.us","link":"https://telegra.ph/file/6ca2719db66793a093aee.jpg"},{"id":"628816209505@c.us","link":"https://telegra.ph/file/df21e2f1933f9d3997e60.jpg"},{"id":"62895604152599@c.us","link":"https://i.ibb.co/tYf3jmz/amos-yan-no-entry-1.jpg"},{"id":"628112006059@c.us","link":"https://i.ibb.co/tYf3jmz/amos-yan-no-entry-1.jpg"},{"id":"628884066898@c.us","link":"https://i.ibb.co/tYf3jmz/amos-yan-no-entry-1.jpg"},{"id":"6281312296175@c.us","link":"https://i.ibb.co/tYf3jmz/amos-yan-no-entry-1.jpg"},{"id":"628974465379@c.us","link":"https://telegra.ph/file/81be731e57c61cd47a620.jpg"},{"id":"6285753748964@c.us","link":"https://i.ibb.co/tYf3jmz/amos-yan-no-entry-1.jpg"},{"id":"6281235667491@c.us","link":"https://i.ibb.co/tYf3jmz/amos-yan-no-entry-1.jpg"},{"id":"62895396094654@c.us","link":"https://telegra.ph/file/eb089f29370457f9448af.jpg"},{"id":"6285892655575@c.us","link":"https://telegra.ph/file/84bbd4b1ca269964d5b85.jpg"},{"id":"6281326111375@c.us","link":"https://i.ibb.co/tYf3jmz/amos-yan-no-entry-1.jpg"},{"id":"628971470094@c.us","link":"https://i.ibb.co/tYf3jmz/amos-yan-no-entry-1.jpg"},{"id":"6285155139920@c.us","link":"https://i.ibb.co/tYf3jmz/amos-yan-no-entry-1.jpg"},{"id":"628872258259@c.us","link":"https://i.ibb.co/tYf3jmz/amos-yan-no-entry-1.jpg"},{"id":"6287726550783@c.us","link":"https://i.ibb.co/tYf3jmz/amos-yan-no-entry-1.jpg"},{"id":"6289530038518@c.us","link":"https://i.ibb.co/tYf3jmz/amos-yan-no-entry-1.jpg"},{"id":"6289602985886@c.us","link":"https://i.ibb.co/tYf3jmz/amos-yan-no-entry-1.jpg"},{"id":"6283805610435@c.us","link":"https://i.ibb.co/tYf3jmz/amos-yan-no-entry-1.jpg"},{"id":"6287771101972@c.us","link":"https://i.ibb.co/tYf3jmz/amos-yan-no-entry-1.jpg"},{"id":"17152568184@c.us","link":"https://i.ibb.co/tYf3jmz/amos-yan-no-entry-1.jpg"},{"id":"62895339277776@c.us","link":"https://telegra.ph/file/21ca79c00057b67c3a702.jpg"},{"id":"62895409400906@c.us","link":"https://i.ibb.co/tYf3jmz/amos-yan-no-entry-1.jpg"},{"id":"6283829829705@c.us","link":"https://i.ibb.co/tYf3jmz/amos-yan-no-entry-1.jpg"},{"id":"62895396839676@c.us","link":"https://telegra.ph/file/f99cb10e22bab43cf38cd.jpg"},{"id":"6282261575150@c.us","link":"https://i.ibb.co/tYf3jmz/amos-yan-no-entry-1.jpg"},{"id":"6285752469679@c.us","link":"https://i.ibb.co/tYf3jmz/amos-yan-no-entry-1.jpg"},{"id":"6285739504331@c.us","link":"https://i.ibb.co/tYf3jmz/amos-yan-no-entry-1.jpg"},{"id":"6282135289117@c.us","link":"https://i.ibb.co/tYf3jmz/amos-yan-no-entry-1.jpg"},{"id":"62895356671234@c.us","link":"https://i.ibb.co/tYf3jmz/amos-yan-no-entry-1.jpg"},{"id":"6288291653002@c.us","link":"https://i.ibb.co/tYf3jmz/amos-yan-no-entry-1.jpg"},{"id":"6281515702758@c.us","link":"https://i.ibb.co/tYf3jmz/amos-yan-no-entry-1.jpg"},{"id":"6283143156030@c.us","link":"https://i.ibb.co/tYf3jmz/amos-yan-no-entry-1.jpg"},{"id":"6281276238325@c.us","link":"https://i.ibb.co/tYf3jmz/amos-yan-no-entry-1.jpg"},{"id":"6283857088957@c.us","link":"https://i.ibb.co/tYf3jmz/amos-yan-no-entry-1.jpg"},{"id":"6285778989616@c.us","link":"https://i.ibb.co/tYf3jmz/amos-yan-no-entry-1.jpg"},{"id":"6285861296164@c.us","link":"https://i.ibb.co/tYf3jmz/amos-yan-no-entry-1.jpg"},{"id":"6281281844392@c.us","link":"https://i.ibb.co/tYf3jmz/amos-yan-no-entry-1.jpg"},{"id":"62881036747137@c.us","link":"https://i.ibb.co/tYf3jmz/amos-yan-no-entry-1.jpg"},{"id":"6285791214708@c.us","link":"https://i.ibb.co/tYf3jmz/amos-yan-no-entry-1.jpg"},{"id":"6288238594724@c.us","link":"https://telegra.ph/file/01a511ca9316822e63531.jpg"},{"id":"62859196446165@c.us","link":"https://i.ibb.co/tYf3jmz/amos-yan-no-entry-1.jpg"},{"id":"6288263565148@c.us","link":"https://i.ibb.co/tYf3jmz/amos-yan-no-entry-1.jpg"},{"id":"62881036864955@c.us","link":"https://i.ibb.co/tYf3jmz/amos-yan-no-entry-1.jpg"},{"id":"6281549232506@c.us","link":"https://i.ibb.co/tYf3jmz/amos-yan-no-entry-1.jpg"},{"id":"6285829343813@c.us","link":"https://i.ibb.co/tYf3jmz/amos-yan-no-entry-1.jpg"},{"id":"62895422884207@c.us","link":"https://i.ibb.co/tYf3jmz/amos-yan-no-entry-1.jpg"},{"id":"62881025980222@c.us","link":"https://i.ibb.co/tYf3jmz/amos-yan-no-entry-1.jpg"},{"id":"6289613420807@c.us","link":"https://i.ibb.co/tYf3jmz/amos-yan-no-entry-1.jpg"},{"id":"6283180009561@c.us","link":"https://i.ibb.co/tYf3jmz/amos-yan-no-entry-1.jpg"},{"id":"6288223426422@c.us","link":"https://i.ibb.co/tYf3jmz/amos-yan-no-entry-1.jpg"},{"id":"6282146228802@c.us","link":"https://i.ibb.co/tYf3jmz/amos-yan-no-entry-1.jpg"},{"id":"62895613457539@c.us","link":"https://i.ibb.co/tYf3jmz/amos-yan-no-entry-1.jpg"},{"id":"6289530264000@c.us","link":"https://telegra.ph/file/5fab22b8ee8df7daadba5.jpg"},{"id":"628972174541@c.us","link":"https://i.ibb.co/tYf3jmz/amos-yan-no-entry-1.jpg"},{"id":"60178217202@c.us","link":"https://i.ibb.co/tYf3jmz/amos-yan-no-entry-1.jpg"},{"id":"6285608664908@c.us","link":"https://i.ibb.co/tYf3jmz/amos-yan-no-entry-1.jpg"},{"id":"6282347929043@c.us","link":"https://telegra.ph/file/6d0451502dc35c8885517.jpg"},{"id":"6283150178103@c.us","link":"https://i.ibb.co/tYf3jmz/amos-yan-no-entry-1.jpg"},{"id":"628974444476@c.us","link":"https://i.ibb.co/tYf3jmz/amos-yan-no-entry-1.jpg"},{"id":"6285334211881@c.us","link":"https://i.ibb.co/tYf3jmz/amos-yan-no-entry-1.jpg"},{"id":"6289631901369@c.us","link":"https://i.ibb.co/tYf3jmz/amos-yan-no-entry-1.jpg"},{"id":"6283872216458@c.us","link":"https://i.ibb.co/tYf3jmz/amos-yan-no-entry-1.jpg"},{"id":"6289608674872@c.us","link":"https://i.ibb.co/tYf3jmz/amos-yan-no-entry-1.jpg"},{"id":"6281340823786@c.us","link":"https://i.ibb.co/tYf3jmz/amos-yan-no-entry-1.jpg"},{"id":"6285730978527@c.us","link":"https://i.ibb.co/tYf3jmz/amos-yan-no-entry-1.jpg"},{"id":"62895414844711@c.us","link":"https://i.ibb.co/tYf3jmz/amos-yan-no-entry-1.jpg"},{"id":"6282287219167@c.us","link":"https://i.ibb.co/tYf3jmz/amos-yan-no-entry-1.jpg"},{"id":"6282285229494@c.us","link":"https://i.ibb.co/tYf3jmz/amos-yan-no-entry-1.jpg"},{"id":"6283841006738@c.us","link":"https://i.ibb.co/tYf3jmz/amos-yan-no-entry-1.jpg"},{"id":"6285794416390@c.us","link":"https://i.ibb.co/tYf3jmz/amos-yan-no-entry-1.jpg"},{"id":"6285215625316@c.us","link":"https://i.ibb.co/tYf3jmz/amos-yan-no-entry-1.jpg"},{"id":"6288704323085@c.us","link":"https://i.ibb.co/tYf3jmz/amos-yan-no-entry-1.jpg"},{"id":"6285268392684@c.us","link":"https://i.ibb.co/tYf3jmz/amos-yan-no-entry-1.jpg"},{"id":"6287738111549@c.us","link":"https://i.ibb.co/tYf3jmz/amos-yan-no-entry-1.jpg"},{"id":"6285714321365@c.us","link":"https://i.ibb.co/tYf3jmz/amos-yan-no-entry-1.jpg"},{"id":"6282245862837@c.us","link":"https://i.ibb.co/tYf3jmz/amos-yan-no-entry-1.jpg"},{"id":"6281288909045@c.us","link":"https://i.ibb.co/tYf3jmz/amos-yan-no-entry-1.jpg"},{"id":"6282117165163@c.us","link":"https://i.ibb.co/tYf3jmz/amos-yan-no-entry-1.jpg"},{"id":"6285326264108@c.us","link":"https://i.ibb.co/tYf3jmz/amos-yan-no-entry-1.jpg"},{"id":"6285972786462@c.us","link":"https://i.ibb.co/tYf3jmz/amos-yan-no-entry-1.jpg"},{"id":"628978483767@c.us","link":"https://i.ibb.co/tYf3jmz/amos-yan-no-entry-1.jpg"},{"id":"6285766853909@c.us","link":"https://i.ibb.co/tYf3jmz/amos-yan-no-entry-1.jpg"},{"id":"6282280334955@c.us","link":"https://i.ibb.co/tYf3jmz/amos-yan-no-entry-1.jpg"},{"id":"6281348182049@c.us","link":"https://i.ibb.co/tYf3jmz/amos-yan-no-entry-1.jpg"},{"id":"6287856335442@c.us","link":"https://i.ibb.co/tYf3jmz/amos-yan-no-entry-1.jpg"},{"id":"6285245018819@c.us","link":"https://i.ibb.co/tYf3jmz/amos-yan-no-entry-1.jpg"},{"id":"6285745513937@c.us","link":"https://i.ibb.co/tYf3jmz/amos-yan-no-entry-1.jpg"},{"id":"6285876033147@c.us","link":"https://i.ibb.co/tYf3jmz/amos-yan-no-entry-1.jpg"},{"id":"62895640204399@c.us","link":"https://i.ibb.co/tYf3jmz/amos-yan-no-entry-1.jpg"},{"id":"6282229876620@c.us","link":"https://i.ibb.co/tYf3jmz/amos-yan-no-entry-1.jpg"},{"id":"6285823863671@c.us","link":"https://i.ibb.co/tYf3jmz/amos-yan-no-entry-1.jpg"},{"id":"6285894788368@c.us","link":"https://i.ibb.co/tYf3jmz/amos-yan-no-entry-1.jpg"},{"id":"6283189837291@c.us","link":"https://i.ibb.co/tYf3jmz/amos-yan-no-entry-1.jpg"},{"id":"6285787175744@c.us","link":"https://i.ibb.co/tYf3jmz/amos-yan-no-entry-1.jpg"},{"id":"62895336138795@c.us","link":"https://i.ibb.co/tYf3jmz/amos-yan-no-entry-1.jpg"},{"id":"6285892935752@c.us","link":"https://i.ibb.co/tYf3jmz/amos-yan-no-entry-1.jpg"},{"id":"6285892714463@c.us","link":"https://i.ibb.co/tYf3jmz/amos-yan-no-entry-1.jpg"},{"id":"6281331526178@c.us","link":"https://i.ibb.co/tYf3jmz/amos-yan-no-entry-1.jpg"},{"id":"18762901633@c.us","link":"https://i.ibb.co/tYf3jmz/amos-yan-no-entry-1.jpg"},{"id":"6285723639937@c.us","link":"https://i.ibb.co/tYf3jmz/amos-yan-no-entry-1.jpg"},{"id":"6285731873225@c.us","link":"https://i.ibb.co/tYf3jmz/amos-yan-no-entry-1.jpg"},{"id":"6289526581547@c.us","link":"https://i.ibb.co/tYf3jmz/amos-yan-no-entry-1.jpg"},{"id":"62895613447108@c.us","link":"https://i.ibb.co/tYf3jmz/amos-yan-no-entry-1.jpg"},{"id":"27787718716@c.us","link":"https://i.ibb.co/tYf3jmz/amos-yan-no-entry-1.jpg"},{"id":"6287831406680@c.us","link":"https://i.ibb.co/tYf3jmz/amos-yan-no-entry-1.jpg"},{"id":"62895359731046@c.us","link":"https://i.ibb.co/tYf3jmz/amos-yan-no-entry-1.jpg"},{"id":"447451206174@c.us","link":"https://i.ibb.co/tYf3jmz/amos-yan-no-entry-1.jpg"},{"id":"628974238290@c.us","link":"https://i.ibb.co/tYf3jmz/amos-yan-no-entry-1.jpg"},{"id":"6285788090950@c.us","link":"https://i.ibb.co/tYf3jmz/amos-yan-no-entry-1.jpg"},{"id":"6282272866733@c.us","link":"https://i.ibb.co/tYf3jmz/amos-yan-no-entry-1.jpg"},{"id":"6287865699278@c.us","link":"https://i.ibb.co/tYf3jmz/amos-yan-no-entry-1.jpg"},{"id":"6285817632694@c.us","link":"https://i.ibb.co/tYf3jmz/amos-yan-no-entry-1.jpg"},{"id":"6285803357947@c.us","link":"https://i.ibb.co/tYf3jmz/amos-yan-no-entry-1.jpg"},{"id":"6281350103699@c.us","link":"https://i.ibb.co/tYf3jmz/amos-yan-no-entry-1.jpg"},{"id":"6285335621787@c.us","link":"https://i.ibb.co/tYf3jmz/amos-yan-no-entry-1.jpg"},{"id":"6285801300934@c.us","link":"https://i.ibb.co/tYf3jmz/amos-yan-no-entry-1.jpg"},{"id":"6281904762638@c.us","link":"https://i.ibb.co/tYf3jmz/amos-yan-no-entry-1.jpg"},{"id":"6281368512415@c.us","link":"https://i.ibb.co/tYf3jmz/amos-yan-no-entry-1.jpg"},{"id":"6282136373819@c.us","link":"https://i.ibb.co/tYf3jmz/amos-yan-no-entry-1.jpg"},{"id":"6283844472149@c.us","link":"https://i.ibb.co/tYf3jmz/amos-yan-no-entry-1.jpg"},{"id":"62895332238139@c.us","link":"https://i.ibb.co/tYf3jmz/amos-yan-no-entry-1.jpg"},{"id":"6281241195562@c.us","link":"https://i.ibb.co/tYf3jmz/amos-yan-no-entry-1.jpg"},{"id":"6285803079403@c.us","link":"https://i.ibb.co/tYf3jmz/amos-yan-no-entry-1.jpg"},{"id":"6285736201936@c.us","link":"https://i.ibb.co/tYf3jmz/amos-yan-no-entry-1.jpg"},{"id":"18764099732@c.us","link":"https://i.ibb.co/tYf3jmz/amos-yan-no-entry-1.jpg"},{"id":"6285717655889@c.us","link":"https://i.ibb.co/tYf3jmz/amos-yan-no-entry-1.jpg"},{"id":"6281387803204@c.us","link":"https://telegra.ph/file/7cc51b1107579bc3f818f.jpg"},{"id":"6287729727413@c.us","link":"https://telegra.ph/file/66d52e367bdfe43bc97f2.jpg"},{"id":"6283872298816@c.us","link":"https://i.ibb.co/tYf3jmz/amos-yan-no-entry-1.jpg"},{"id":"6282345970184@c.us","link":"https://i.ibb.co/tYf3jmz/amos-yan-no-entry-1.jpg"},{"id":"6285789039280@c.us","link":"https://i.ibb.co/tYf3jmz/amos-yan-no-entry-1.jpg"},{"id":"6285648977482@c.us","link":"https://i.ibb.co/tYf3jmz/amos-yan-no-entry-1.jpg"},{"id":"18765591810@c.us","link":"https://i.ibb.co/tYf3jmz/amos-yan-no-entry-1.jpg"},{"id":"628986169790@c.us","link":"https://i.ibb.co/tYf3jmz/amos-yan-no-entry-1.jpg"},{"id":"628991610250@c.us","link":"https://i.ibb.co/tYf3jmz/amos-yan-no-entry-1.jpg"},{"id":"6285768016519@c.us","link":"https://i.ibb.co/tYf3jmz/amos-yan-no-entry-1.jpg"},{"id":"62895701266227@c.us","link":"https://i.ibb.co/tYf3jmz/amos-yan-no-entry-1.jpg"},{"id":"6283896544951@c.us","link":"https://i.ibb.co/tYf3jmz/amos-yan-no-entry-1.jpg"},{"id":"6285787970025@c.us","link":"https://i.ibb.co/tYf3jmz/amos-yan-no-entry-1.jpg"},{"id":"6282302025156@c.us","link":"https://i.ibb.co/tYf3jmz/amos-yan-no-entry-1.jpg"},{"id":"6283135007540@c.us","link":"https://i.ibb.co/tYf3jmz/amos-yan-no-entry-1.jpg"},{"id":"6281331733748@c.us","link":"https://i.ibb.co/tYf3jmz/amos-yan-no-entry-1.jpg"},{"id":"6281361287833@c.us","link":"https://i.ibb.co/tYf3jmz/amos-yan-no-entry-1.jpg"},{"id":"6285314745569@c.us","link":"https://i.ibb.co/tYf3jmz/amos-yan-no-entry-1.jpg"},{"id":"6281268626465@c.us","link":"https://i.ibb.co/tYf3jmz/amos-yan-no-entry-1.jpg"},{"id":"27634164890@c.us","link":"https://i.ibb.co/tYf3jmz/amos-yan-no-entry-1.jpg"},{"id":"6282380053952@c.us","link":"https://i.ibb.co/tYf3jmz/amos-yan-no-entry-1.jpg"},{"id":"6283124506763@c.us","link":"https://telegra.ph/file/2c32a0f8fe5971f7ebfbc.jpg"},{"id":"27679595273@c.us","link":"https://i.ibb.co/tYf3jmz/amos-yan-no-entry-1.jpg"},{"id":"6282334373567@c.us","link":"https://i.ibb.co/tYf3jmz/amos-yan-no-entry-1.jpg"},{"id":"6285808331101@c.us","link":"https://i.ibb.co/tYf3jmz/amos-yan-no-entry-1.jpg"},{"id":"6283897135031@c.us","link":"https://i.ibb.co/tYf3jmz/amos-yan-no-entry-1.jpg"},{"id":"6283879246050@c.us","link":"https://i.ibb.co/tYf3jmz/amos-yan-no-entry-1.jpg"},{"id":"27672633675@c.us","link":"https://i.ibb.co/tYf3jmz/amos-yan-no-entry-1.jpg"},{"id":"6287796518120@c.us","link":"https://i.ibb.co/tYf3jmz/amos-yan-no-entry-1.jpg"},{"id":"6283116592574@c.us","link":"https://i.ibb.co/tYf3jmz/amos-yan-no-entry-1.jpg"},{"id":"6285536302729@c.us","link":"https://i.ibb.co/tYf3jmz/amos-yan-no-entry-1.jpg"},{"id":"628998646164@c.us","link":"https://i.ibb.co/tYf3jmz/amos-yan-no-entry-1.jpg"},{"id":"6287834474113@c.us","link":"https://i.ibb.co/tYf3jmz/amos-yan-no-entry-1.jpg"},{"id":"6285860647050@c.us","link":"https://i.ibb.co/tYf3jmz/amos-yan-no-entry-1.jpg"},{"id":"6289691511612@c.us","link":"https://i.ibb.co/tYf3jmz/amos-yan-no-entry-1.jpg"},{"id":"6285648059978@c.us","link":"https://i.ibb.co/tYf3jmz/amos-yan-no-entry-1.jpg"},{"id":"60172738357@c.us","link":"https://i.ibb.co/tYf3jmz/amos-yan-no-entry-1.jpg"},{"id":"27640170108@c.us","link":"https://i.ibb.co/tYf3jmz/amos-yan-no-entry-1.jpg"},{"id":"6285762003699@c.us","link":"https://i.ibb.co/tYf3jmz/amos-yan-no-entry-1.jpg"},{"id":"601161006853@c.us","link":"https://i.ibb.co/tYf3jmz/amos-yan-no-entry-1.jpg"},{"id":"60125479194@c.us","link":"https://i.ibb.co/tYf3jmz/amos-yan-no-entry-1.jpg"},{"id":"6283184792335@c.us","link":"https://i.ibb.co/tYf3jmz/amos-yan-no-entry-1.jpg"},{"id":"601130054857@c.us","link":"https://i.ibb.co/tYf3jmz/amos-yan-no-entry-1.jpg"},{"id":"62895333231574@c.us","link":"https://i.ibb.co/tYf3jmz/amos-yan-no-entry-1.jpg"},{"id":"16643935265@c.us","link":"https://i.ibb.co/tYf3jmz/amos-yan-no-entry-1.jpg"},{"id":"6285891024644@c.us","link":"https://i.ibb.co/tYf3jmz/amos-yan-no-entry-1.jpg"},{"id":"60199889551@c.us","link":"https://i.ibb.co/tYf3jmz/amos-yan-no-entry-1.jpg"},{"id":"628116582444@c.us","link":"https://i.ibb.co/tYf3jmz/amos-yan-no-entry-1.jpg"},{"id":"6289530544631@c.us","link":"https://i.ibb.co/tYf3jmz/amos-yan-no-entry-1.jpg"},{"id":"6282217590187@c.us","link":"https://i.ibb.co/tYf3jmz/amos-yan-no-entry-1.jpg"},{"id":"6281223317803@c.us","link":"https://i.ibb.co/tYf3jmz/amos-yan-no-entry-1.jpg"},{"id":"18126434998@c.us","link":"https://i.ibb.co/tYf3jmz/amos-yan-no-entry-1.jpg"},{"id":"6281385686248@c.us","link":"https://i.ibb.co/tYf3jmz/amos-yan-no-entry-1.jpg"},{"id":"6288290024805@c.us","link":"https://i.ibb.co/tYf3jmz/amos-yan-no-entry-1.jpg"},{"id":"6281213260411@c.us","link":"https://i.ibb.co/tYf3jmz/amos-yan-no-entry-1.jpg"},{"id":"6281233104692@c.us","link":"https://i.ibb.co/tYf3jmz/amos-yan-no-entry-1.jpg"},{"id":"6281371613943@c.us","link":"https://i.ibb.co/tYf3jmz/amos-yan-no-entry-1.jpg"},{"id":"6288229939569@c.us","link":"https://i.ibb.co/tYf3jmz/amos-yan-no-entry-1.jpg"},{"id":"6285379695045@c.us","link":"https://i.ibb.co/tYf3jmz/amos-yan-no-entry-1.jpg"},{"id":"17078832111@c.us","link":"https://i.ibb.co/tYf3jmz/amos-yan-no-entry-1.jpg"},{"id":"6289529985198@c.us","link":"https://i.ibb.co/tYf3jmz/amos-yan-no-entry-1.jpg"},{"id":"6289508323800@c.us","link":"https://i.ibb.co/tYf3jmz/amos-yan-no-entry-1.jpg"},{"id":"6281221463360@c.us","link":"https://i.ibb.co/tYf3jmz/amos-yan-no-entry-1.jpg"},{"id":"6289630497516@c.us","link":"https://i.ibb.co/tYf3jmz/amos-yan-no-entry-1.jpg"},{"id":"6287755272867@c.us","link":"https://i.ibb.co/tYf3jmz/amos-yan-no-entry-1.jpg"},{"id":"6288211334798@c.us","link":"https://i.ibb.co/tYf3jmz/amos-yan-no-entry-1.jpg"},{"id":"6283132874576@c.us","link":"https://i.ibb.co/tYf3jmz/amos-yan-no-entry-1.jpg"},{"id":"6285334873359@c.us","link":"https://i.ibb.co/tYf3jmz/amos-yan-no-entry-1.jpg"},{"id":"6289503181486@c.us","link":"https://i.ibb.co/tYf3jmz/amos-yan-no-entry-1.jpg"},{"id":"27672548367@c.us","link":"https://i.ibb.co/tYf3jmz/amos-yan-no-entry-1.jpg"},{"id":"6285156431769@c.us","link":"https://i.ibb.co/tYf3jmz/amos-yan-no-entry-1.jpg"},{"id":"6285878317897@c.us","link":"https://i.ibb.co/tYf3jmz/amos-yan-no-entry-1.jpg"},{"id":"12407819935@c.us","link":"https://i.ibb.co/tYf3jmz/amos-yan-no-entry-1.jpg"},{"id":"6289671062968@c.us","link":"https://i.ibb.co/tYf3jmz/amos-yan-no-entry-1.jpg"},{"id":"6282143526122@c.us","link":"https://i.ibb.co/tYf3jmz/amos-yan-no-entry-1.jpg"},{"id":"62859148404412@c.us","link":"https://i.ibb.co/tYf3jmz/amos-yan-no-entry-1.jpg"},{"id":"6281235980782@c.us","link":"https://i.ibb.co/tYf3jmz/amos-yan-no-entry-1.jpg"},{"id":"6287796483281@c.us","link":"https://i.ibb.co/tYf3jmz/amos-yan-no-entry-1.jpg"},{"id":"6285741796305@c.us","link":"https://telegra.ph/file/42d5903584e8b43d37a80.jpg"},{"id":"6281276365520@c.us","link":"https://telegra.ph/file/0ea01fd7ed5d6095927e3.jpg"},{"id":"62895328669329@c.us","link":"https://i.ibb.co/tYf3jmz/amos-yan-no-entry-1.jpg"},{"id":"6289697486609@c.us","link":"https://i.ibb.co/tYf3jmz/amos-yan-no-entry-1.jpg"},{"id":"6289506315676@c.us","link":"https://telegra.ph/file/bcad0adebb01c55b99282.jpg"},{"id":"6281298548088@c.us","link":"https://i.ibb.co/tYf3jmz/amos-yan-no-entry-1.jpg"},{"id":"6289655947133@c.us","link":"https://i.ibb.co/tYf3jmz/amos-yan-no-entry-1.jpg"},{"id":"6283806604212@c.us","link":"https://i.ibb.co/tYf3jmz/amos-yan-no-entry-1.jpg"},{"id":"6287736115800@c.us","link":"https://i.ibb.co/tYf3jmz/amos-yan-no-entry-1.jpg"},{"id":"62895800694018@c.us","link":"https://i.ibb.co/tYf3jmz/amos-yan-no-entry-1.jpg"},{"id":"6283830806165@c.us","link":"https://i.ibb.co/tYf3jmz/amos-yan-no-entry-1.jpg"},{"id":"6281215334086@c.us","link":"https://i.ibb.co/tYf3jmz/amos-yan-no-entry-1.jpg"},{"id":"6285848118377@c.us","link":"https://i.ibb.co/tYf3jmz/amos-yan-no-entry-1.jpg"},{"id":"62895342367180@c.us","link":"https://i.ibb.co/tYf3jmz/amos-yan-no-entry-1.jpg"},{"id":"6281232978229@c.us","link":"https://i.ibb.co/tYf3jmz/amos-yan-no-entry-1.jpg"},{"id":"6282215632275@c.us","link":"https://i.ibb.co/tYf3jmz/amos-yan-no-entry-1.jpg"},{"id":"6285348362003@c.us","link":"https://i.ibb.co/tYf3jmz/amos-yan-no-entry-1.jpg"},{"id":"6288808369916@c.us","link":"https://i.ibb.co/tYf3jmz/amos-yan-no-entry-1.jpg"},{"id":"6289524335724@c.us","link":"https://telegra.ph/file/45609f15243ab46556d99.jpg"},{"id":"60108002301@c.us","link":"https://i.ibb.co/tYf3jmz/amos-yan-no-entry-1.jpg"},{"id":"60138496884@c.us","link":"https://i.ibb.co/tYf3jmz/amos-yan-no-entry-1.jpg"},{"id":"6285872756872@c.us","link":"https://i.ibb.co/tYf3jmz/amos-yan-no-entry-1.jpg"},{"id":"6281268025585@c.us","link":"https://i.ibb.co/tYf3jmz/amos-yan-no-entry-1.jpg"},{"id":"6282123038200@c.us","link":"https://telegra.ph/file/22b8bb5c8bd55922fe522.jpg"},{"id":"6288246284525@c.us","link":"https://i.ibb.co/tYf3jmz/amos-yan-no-entry-1.jpg"},{"id":"6282238343309@c.us","link":"https://i.ibb.co/tYf3jmz/amos-yan-no-entry-1.jpg"},{"id":"6288245800900@c.us","link":"https://i.ibb.co/tYf3jmz/amos-yan-no-entry-1.jpg"},{"id":"6282241997784@c.us","link":"https://telegra.ph/file/5b1cb193765ccee666666.jpg"},{"id":"6285697571291@c.us","link":"https://i.ibb.co/tYf3jmz/amos-yan-no-entry-1.jpg"},{"id":"628975414250@c.us","link":"https://i.ibb.co/tYf3jmz/amos-yan-no-entry-1.jpg"},{"id":"6281340399592@c.us","link":"https://i.ibb.co/tYf3jmz/amos-yan-no-entry-1.jpg"},{"id":"6282271568291@c.us","link":"https://i.ibb.co/tYf3jmz/amos-yan-no-entry-1.jpg"},{"id":"6285394157293@c.us","link":"https://i.ibb.co/tYf3jmz/amos-yan-no-entry-1.jpg"},{"id":"62895324786083@c.us","link":"https://i.ibb.co/tYf3jmz/amos-yan-no-entry-1.jpg"},{"id":"6282142948670@c.us","link":"https://i.ibb.co/tYf3jmz/amos-yan-no-entry-1.jpg"},{"id":"6282123709144@c.us","link":"https://i.ibb.co/tYf3jmz/amos-yan-no-entry-1.jpg"},{"id":"6281324799575@c.us","link":"https://i.ibb.co/tYf3jmz/amos-yan-no-entry-1.jpg"},{"id":"6282208428768@c.us","link":"https://i.ibb.co/tYf3jmz/amos-yan-no-entry-1.jpg"},{"id":"6281278508647@c.us","link":"https://i.ibb.co/tYf3jmz/amos-yan-no-entry-1.jpg"},{"id":"6282348059306@c.us","link":"https://i.ibb.co/tYf3jmz/amos-yan-no-entry-1.jpg"},{"id":"6288704088093@c.us","link":"https://i.ibb.co/tYf3jmz/amos-yan-no-entry-1.jpg"},{"id":"6281278541550@c.us","link":"https://i.ibb.co/tYf3jmz/amos-yan-no-entry-1.jpg"},{"id":"27714332176@c.us","link":"https://i.ibb.co/tYf3jmz/amos-yan-no-entry-1.jpg"},{"id":"6285389461970@c.us","link":"https://i.ibb.co/tYf3jmz/amos-yan-no-entry-1.jpg"},{"id":"601111135947@c.us","link":"https://i.ibb.co/tYf3jmz/amos-yan-no-entry-1.jpg"},{"id":"6287851267006@c.us","link":"https://i.ibb.co/tYf3jmz/amos-yan-no-entry-1.jpg"},{"id":"6289627992391@c.us","link":"https://i.ibb.co/tYf3jmz/amos-yan-no-entry-1.jpg"},{"id":"6281221101090@c.us","link":"https://i.ibb.co/tYf3jmz/amos-yan-no-entry-1.jpg"},{"id":"6285624175755@c.us","link":"https://i.ibb.co/tYf3jmz/amos-yan-no-entry-1.jpg"},{"id":"6289666033596@c.us","link":"https://i.ibb.co/tYf3jmz/amos-yan-no-entry-1.jpg"},{"id":"6281330626804@c.us","link":"https://i.ibb.co/tYf3jmz/amos-yan-no-entry-1.jpg"},{"id":"6282273247990@c.us","link":"https://i.ibb.co/tYf3jmz/amos-yan-no-entry-1.jpg"},{"id":"6281247645764@c.us","link":"https://i.ibb.co/tYf3jmz/amos-yan-no-entry-1.jpg"},{"id":"6287751022538@c.us","link":"https://i.ibb.co/tYf3jmz/amos-yan-no-entry-1.jpg"},{"id":"6281211413851@c.us","link":"https://i.ibb.co/tYf3jmz/amos-yan-no-entry-1.jpg"},{"id":"62895705204952@c.us","link":"https://i.ibb.co/tYf3jmz/amos-yan-no-entry-1.jpg"},{"id":"6288747037689@c.us","link":"https://i.ibb.co/tYf3jmz/amos-yan-no-entry-1.jpg"},{"id":"6282115224517@c.us","link":"https://telegra.ph/file/38e83b8612adae1a05abc.jpg"},{"id":"6281367651787@c.us","link":"https://i.ibb.co/tYf3jmz/amos-yan-no-entry-1.jpg"},{"id":"6287873834618@c.us","link":"https://telegra.ph/file/5d616ccd1002380deac58.jpg"},{"id":"6281257347780@c.us","link":"https://i.ibb.co/tYf3jmz/amos-yan-no-entry-1.jpg"},{"id":"6285338791636@c.us","link":"https://i.ibb.co/tYf3jmz/amos-yan-no-entry-1.jpg"},{"id":"6288212529985@c.us","link":"https://i.ibb.co/tYf3jmz/amos-yan-no-entry-1.jpg"},{"id":"6282144868685@c.us","link":"https://i.ibb.co/tYf3jmz/amos-yan-no-entry-1.jpg"},{"id":"6282318367353@c.us","link":"https://i.ibb.co/tYf3jmz/amos-yan-no-entry-1.jpg"},{"id":"60135406282@c.us","link":"https://i.ibb.co/tYf3jmz/amos-yan-no-entry-1.jpg"},{"id":"6287878770702@c.us","link":"https://i.ibb.co/tYf3jmz/amos-yan-no-entry-1.jpg"},{"id":"6285778732189@c.us","link":"https://i.ibb.co/tYf3jmz/amos-yan-no-entry-1.jpg"},{"id":"6281399977654@c.us","link":"https://i.ibb.co/tYf3jmz/amos-yan-no-entry-1.jpg"},{"id":"6285836494366@c.us","link":"https://i.ibb.co/tYf3jmz/amos-yan-no-entry-1.jpg"},{"id":"6281233665180@c.us","link":"https://i.ibb.co/tYf3jmz/amos-yan-no-entry-1.jpg"},{"id":"6285725437572@c.us","link":"https://telegra.ph/file/ba48a0680423351348f46.jpg"},{"id":"6281230389237@c.us","link":"https://i.ibb.co/tYf3jmz/amos-yan-no-entry-1.jpg"},{"id":"6282144575363@c.us","link":"https://i.ibb.co/tYf3jmz/amos-yan-no-entry-1.jpg"},{"id":"6283120642125@c.us","link":"https://i.ibb.co/tYf3jmz/amos-yan-no-entry-1.jpg"},{"id":"6285768341591@c.us","link":"https://i.ibb.co/tYf3jmz/amos-yan-no-entry-1.jpg"},{"id":"6289531753759@c.us","link":"https://i.ibb.co/tYf3jmz/amos-yan-no-entry-1.jpg"},{"id":"6282296236965@c.us","link":"https://i.ibb.co/tYf3jmz/amos-yan-no-entry-1.jpg"},{"id":"6289685316825@c.us","link":"https://i.ibb.co/tYf3jmz/amos-yan-no-entry-1.jpg"},{"id":"6289666095340@c.us","link":"https://i.ibb.co/tYf3jmz/amos-yan-no-entry-1.jpg"},{"id":"6283875248279@c.us","link":"https://i.ibb.co/tYf3jmz/amos-yan-no-entry-1.jpg"},{"id":"6289636268864@c.us","link":"https://i.ibb.co/tYf3jmz/amos-yan-no-entry-1.jpg"},{"id":"201150788341@c.us","link":"https://i.ibb.co/tYf3jmz/amos-yan-no-entry-1.jpg"},{"id":"6285524505348@c.us","link":"https://i.ibb.co/tYf3jmz/amos-yan-no-entry-1.jpg"},{"id":"6281243535512@c.us","link":"https://telegra.ph/file/004c4bc975e0209ada411.jpg"},{"id":"6288211317341@c.us","link":"https://i.ibb.co/tYf3jmz/amos-yan-no-entry-1.jpg"},{"id":"6281396806170@c.us","link":"https://i.ibb.co/tYf3jmz/amos-yan-no-entry-1.jpg"},{"id":"6287775697376@c.us","link":"https://i.ibb.co/tYf3jmz/amos-yan-no-entry-1.jpg"},{"id":"6285790989495@c.us","link":"https://i.ibb.co/tYf3jmz/amos-yan-no-entry-1.jpg"},{"id":"6282163339835@c.us","link":"https://i.ibb.co/tYf3jmz/amos-yan-no-entry-1.jpg"},{"id":"6287841661427@c.us","link":"https://i.ibb.co/tYf3jmz/amos-yan-no-entry-1.jpg"},{"id":"966504426202@c.us","link":"https://i.ibb.co/tYf3jmz/amos-yan-no-entry-1.jpg"},{"id":"6287843062496@c.us","link":"https://i.ibb.co/tYf3jmz/amos-yan-no-entry-1.jpg"},{"id":"6281286444757@c.us","link":"https://i.ibb.co/tYf3jmz/amos-yan-no-entry-1.jpg"},{"id":"6288287299029@c.us","link":"https://i.ibb.co/tYf3jmz/amos-yan-no-entry-1.jpg"},{"id":"6282294845995@c.us","link":"https://i.ibb.co/tYf3jmz/amos-yan-no-entry-1.jpg"},{"id":"62895802996300@c.us","link":"https://i.ibb.co/tYf3jmz/amos-yan-no-entry-1.jpg"},{"id":"6285892972434@c.us","link":"https://i.ibb.co/tYf3jmz/amos-yan-no-entry-1.jpg"},{"id":"6285269345835@c.us","link":"https://i.ibb.co/tYf3jmz/amos-yan-no-entry-1.jpg"},{"id":"62895634802892@c.us","link":"https://i.ibb.co/tYf3jmz/amos-yan-no-entry-1.jpg"},{"id":"62895328768282@c.us","link":"https://i.ibb.co/tYf3jmz/amos-yan-no-entry-1.jpg"},{"id":"601136148913@c.us","link":"https://i.ibb.co/tYf3jmz/amos-yan-no-entry-1.jpg"},{"id":"628121233096@c.us","link":"https://i.ibb.co/tYf3jmz/amos-yan-no-entry-1.jpg"},{"id":"6285803362846@c.us","link":"https://i.ibb.co/tYf3jmz/amos-yan-no-entry-1.jpg"},{"id":"6282199991052@c.us","link":"https://i.ibb.co/tYf3jmz/amos-yan-no-entry-1.jpg"},{"id":"6289654020881@c.us","link":"https://telegra.ph/file/d3717afae50c3abe6bfcb.jpg"},{"id":"6285757409793@c.us","link":"https://i.ibb.co/tYf3jmz/amos-yan-no-entry-1.jpg"},{"id":"6288217404718@c.us","link":"https://i.ibb.co/tYf3jmz/amos-yan-no-entry-1.jpg"},{"id":"6285693784988@c.us","link":"https://i.ibb.co/tYf3jmz/amos-yan-no-entry-1.jpg"},{"id":"6282398477909@c.us","link":"https://i.ibb.co/tYf3jmz/amos-yan-no-entry-1.jpg"},{"id":"6285762002128@c.us","link":"https://i.ibb.co/tYf3jmz/amos-yan-no-entry-1.jpg"},{"id":"6287756259159@c.us","link":"https://i.ibb.co/tYf3jmz/amos-yan-no-entry-1.jpg"},{"id":"6281328667876@c.us","link":"https://i.ibb.co/tYf3jmz/amos-yan-no-entry-1.jpg"},{"id":"6281327510054@c.us","link":"https://i.ibb.co/tYf3jmz/amos-yan-no-entry-1.jpg"},{"id":"6281325269891@c.us","link":"https://i.ibb.co/tYf3jmz/amos-yan-no-entry-1.jpg"},{"id":"6288274128597@c.us","link":"https://i.ibb.co/tYf3jmz/amos-yan-no-entry-1.jpg"},{"id":"6289517827395@c.us","link":"https://i.ibb.co/tYf3jmz/amos-yan-no-entry-1.jpg"},{"id":"6285868629308@c.us","link":"https://i.ibb.co/tYf3jmz/amos-yan-no-entry-1.jpg"},{"id":"6285763650167@c.us","link":"https://i.ibb.co/tYf3jmz/amos-yan-no-entry-1.jpg"},{"id":"6281225773911@c.us","link":"https://i.ibb.co/tYf3jmz/amos-yan-no-entry-1.jpg"},{"id":"6281225874095@c.us","link":"https://i.ibb.co/tYf3jmz/amos-yan-no-entry-1.jpg"},{"id":"6281999216744@c.us","link":"https://i.ibb.co/tYf3jmz/amos-yan-no-entry-1.jpg"},{"id":"6285333702805@c.us","link":"https://i.ibb.co/tYf3jmz/amos-yan-no-entry-1.jpg"},{"id":"6283825305851@c.us","link":"https://i.ibb.co/tYf3jmz/amos-yan-no-entry-1.jpg"},{"id":"6282331761976@c.us","link":"https://i.ibb.co/tYf3jmz/amos-yan-no-entry-1.jpg"},{"id":"6285723463577@c.us","link":"https://i.ibb.co/tYf3jmz/amos-yan-no-entry-1.jpg"},{"id":"6281310662434@c.us","link":"https://i.ibb.co/tYf3jmz/amos-yan-no-entry-1.jpg"},{"id":"6289629715826@c.us","link":"https://i.ibb.co/tYf3jmz/amos-yan-no-entry-1.jpg"},{"id":"6281398217465@c.us","link":"https://i.ibb.co/tYf3jmz/amos-yan-no-entry-1.jpg"},{"id":"6285609695370@c.us","link":"https://i.ibb.co/tYf3jmz/amos-yan-no-entry-1.jpg"},{"id":"60195581164@c.us","link":"https://i.ibb.co/tYf3jmz/amos-yan-no-entry-1.jpg"},{"id":"6282273605372@c.us","link":"https://telegra.ph/file/e6c45d21f8e94054ccf97.jpg"},{"id":"6282199859635@c.us","link":"https://i.ibb.co/tYf3jmz/amos-yan-no-entry-1.jpg"},{"id":"6285785913203@c.us","link":"https://i.ibb.co/tYf3jmz/amos-yan-no-entry-1.jpg"},{"id":"62895365088300@c.us","link":"https://i.ibb.co/tYf3jmz/amos-yan-no-entry-1.jpg"},{"id":"6285895572824@c.us","link":"https://i.ibb.co/tYf3jmz/amos-yan-no-entry-1.jpg"},{"id":"6282216234460@c.us","link":"https://i.ibb.co/tYf3jmz/amos-yan-no-entry-1.jpg"},{"id":"601115771808@c.us","link":"https://i.ibb.co/tYf3jmz/amos-yan-no-entry-1.jpg"},{"id":"6282139897205@c.us","link":"https://i.ibb.co/tYf3jmz/amos-yan-no-entry-1.jpg"},{"id":"18768418051@c.us","link":"https://i.ibb.co/tYf3jmz/amos-yan-no-entry-1.jpg"},{"id":"18763468282@c.us","link":"https://i.ibb.co/tYf3jmz/amos-yan-no-entry-1.jpg"},{"id":"6289652027620@c.us","link":"https://i.ibb.co/tYf3jmz/amos-yan-no-entry-1.jpg"},{"id":"6282136444833@c.us","link":"https://i.ibb.co/tYf3jmz/amos-yan-no-entry-1.jpg"},{"id":"6289501343898@c.us","link":"https://i.ibb.co/tYf3jmz/amos-yan-no-entry-1.jpg"},{"id":"6289506190673@c.us","link":"https://telegra.ph/file/0921531b16376d938ab6b.jpg"},{"id":"62895383117913@c.us","link":"https://i.ibb.co/tYf3jmz/amos-yan-no-entry-1.jpg"},{"id":"6288228939427@c.us","link":"https://i.ibb.co/tYf3jmz/amos-yan-no-entry-1.jpg"},{"id":"6285225971945@c.us","link":"https://i.ibb.co/tYf3jmz/amos-yan-no-entry-1.jpg"},{"id":"6289620706103@c.us","link":"https://i.ibb.co/tYf3jmz/amos-yan-no-entry-1.jpg"},{"id":"628979034003@c.us","link":"https://i.ibb.co/tYf3jmz/amos-yan-no-entry-1.jpg"},{"id":"6285339053428@c.us","link":"https://i.ibb.co/tYf3jmz/amos-yan-no-entry-1.jpg"},{"id":"6285255002500@c.us","link":"https://i.ibb.co/tYf3jmz/amos-yan-no-entry-1.jpg"},{"id":"6281371966065@c.us","link":"https://i.ibb.co/tYf3jmz/amos-yan-no-entry-1.jpg"},{"id":"6285348606725@c.us","link":"https://i.ibb.co/tYf3jmz/amos-yan-no-entry-1.jpg"},{"id":"6282336542558@c.us","link":"https://i.ibb.co/tYf3jmz/amos-yan-no-entry-1.jpg"},{"id":"6281283987173@c.us","link":"https://i.ibb.co/tYf3jmz/amos-yan-no-entry-1.jpg"},{"id":"6285875457783@c.us","link":"https://i.ibb.co/tYf3jmz/amos-yan-no-entry-1.jpg"},{"id":"6281293004561@c.us","link":"https://i.ibb.co/tYf3jmz/amos-yan-no-entry-1.jpg"},{"id":"62859141475083@c.us","link":"https://i.ibb.co/tYf3jmz/amos-yan-no-entry-1.jpg"},{"id":"628997400045@c.us","link":"https://i.ibb.co/tYf3jmz/amos-yan-no-entry-1.jpg"},{"id":"6281383426025@c.us","link":"https://i.ibb.co/tYf3jmz/amos-yan-no-entry-1.jpg"},{"id":"6283198455050@c.us","link":"https://i.ibb.co/tYf3jmz/amos-yan-no-entry-1.jpg"},{"id":"6288806129254@c.us","link":"https://i.ibb.co/tYf3jmz/amos-yan-no-entry-1.jpg"},{"id":"6283138732985@c.us","link":"https://i.ibb.co/tYf3jmz/amos-yan-no-entry-1.jpg"},{"id":"6281216600255@c.us","link":"https://i.ibb.co/tYf3jmz/amos-yan-no-entry-1.jpg"},{"id":"6282138062362@c.us","link":"https://telegra.ph/file/4b5dfd6d72fe02676cb8b.jpg"},{"id":"6281335704591@c.us","link":"https://i.ibb.co/tYf3jmz/amos-yan-no-entry-1.jpg"},{"id":"628977201000@c.us","link":"https://i.ibb.co/tYf3jmz/amos-yan-no-entry-1.jpg"},{"id":"6282394623660@c.us","link":"https://i.ibb.co/tYf3jmz/amos-yan-no-entry-1.jpg"},{"id":"6283879630601@c.us","link":"https://i.ibb.co/tYf3jmz/amos-yan-no-entry-1.jpg"},{"id":"6283150945409@c.us","link":"https://i.ibb.co/tYf3jmz/amos-yan-no-entry-1.jpg"},{"id":"6281901569263@c.us","link":"https://i.ibb.co/tYf3jmz/amos-yan-no-entry-1.jpg"},{"id":"6289503246873@c.us","link":"https://i.ibb.co/tYf3jmz/amos-yan-no-entry-1.jpg"},{"id":"6282239774078@c.us","link":"https://i.ibb.co/tYf3jmz/amos-yan-no-entry-1.jpg"},{"id":"628999018658@c.us","link":"https://i.ibb.co/tYf3jmz/amos-yan-no-entry-1.jpg"},{"id":"6285792194288@c.us","link":"https://i.ibb.co/tYf3jmz/amos-yan-no-entry-1.jpg"},{"id":"6282349299495@c.us","link":"https://i.ibb.co/tYf3jmz/amos-yan-no-entry-1.jpg"},{"id":"6285771927664@c.us","link":"https://i.ibb.co/tYf3jmz/amos-yan-no-entry-1.jpg"},{"id":"6282337768782@c.us","link":"https://i.ibb.co/tYf3jmz/amos-yan-no-entry-1.jpg"},{"id":"6282236499743@c.us","link":"https://i.ibb.co/tYf3jmz/amos-yan-no-entry-1.jpg"},{"id":"6285298476872@c.us","link":"https://i.ibb.co/tYf3jmz/amos-yan-no-entry-1.jpg"},{"id":"6281356077582@c.us","link":"https://i.ibb.co/tYf3jmz/amos-yan-no-entry-1.jpg"},{"id":"6289501629856@c.us","link":"https://i.ibb.co/tYf3jmz/amos-yan-no-entry-1.jpg"},{"id":"6285724697300@c.us","link":"https://i.ibb.co/tYf3jmz/amos-yan-no-entry-1.jpg"},{"id":"628985871414@c.us","link":"https://i.ibb.co/tYf3jmz/amos-yan-no-entry-1.jpg"},{"id":"6283137421199@c.us","link":"https://i.ibb.co/tYf3jmz/amos-yan-no-entry-1.jpg"},{"id":"6281572924219@c.us","link":"https://telegra.ph/file/d75fcc4331bb79554642d.jpg"},{"id":"6283132531019@c.us","link":"https://i.ibb.co/tYf3jmz/amos-yan-no-entry-1.jpg"},{"id":"6285795575185@c.us","link":"https://i.ibb.co/tYf3jmz/amos-yan-no-entry-1.jpg"},{"id":"6285704981624@c.us","link":"https://i.ibb.co/tYf3jmz/amos-yan-no-entry-1.jpg"},{"id":"6285783918533@c.us","link":"https://i.ibb.co/tYf3jmz/amos-yan-no-entry-1.jpg"},{"id":"6289665187428@c.us","link":"https://i.ibb.co/tYf3jmz/amos-yan-no-entry-1.jpg"},{"id":"6282256226675@c.us","link":"https://i.ibb.co/tYf3jmz/amos-yan-no-entry-1.jpg"},{"id":"6282323537107@c.us","link":"https://i.ibb.co/tYf3jmz/amos-yan-no-entry-1.jpg"},{"id":"6283155980854@c.us","link":"https://i.ibb.co/tYf3jmz/amos-yan-no-entry-1.jpg"},{"id":"6283824803055@c.us","link":"https://i.ibb.co/tYf3jmz/amos-yan-no-entry-1.jpg"},{"id":"6285766867423@c.us","link":"https://i.ibb.co/tYf3jmz/amos-yan-no-entry-1.jpg"},{"id":"6282340976716@c.us","link":"https://i.ibb.co/tYf3jmz/amos-yan-no-entry-1.jpg"},{"id":"6285157535600@c.us","link":"https://i.ibb.co/tYf3jmz/amos-yan-no-entry-1.jpg"},{"id":"6282271590508@c.us","link":"https://i.ibb.co/tYf3jmz/amos-yan-no-entry-1.jpg"},{"id":"6285848576722@c.us","link":"https://telegra.ph/file/d95dde9920224e6ccaba2.jpg"},{"id":"6287867667708@c.us","link":"https://i.ibb.co/tYf3jmz/amos-yan-no-entry-1.jpg"},{"id":"6282285734435@c.us","link":"https://i.ibb.co/tYf3jmz/amos-yan-no-entry-1.jpg"},{"id":"6289682663686@c.us","link":"https://i.ibb.co/tYf3jmz/amos-yan-no-entry-1.jpg"},{"id":"6288802634057@c.us","link":"https://i.ibb.co/tYf3jmz/amos-yan-no-entry-1.jpg"},{"id":"6283166849258@c.us","link":"https://i.ibb.co/tYf3jmz/amos-yan-no-entry-1.jpg"},{"id":"6285813661529@c.us","link":"https://i.ibb.co/tYf3jmz/amos-yan-no-entry-1.jpg"},{"id":"6281545747485@c.us","link":"https://i.ibb.co/tYf3jmz/amos-yan-no-entry-1.jpg"},{"id":"628988119351@c.us","link":"https://i.ibb.co/tYf3jmz/amos-yan-no-entry-1.jpg"},{"id":"6285789587170@c.us","link":"https://i.ibb.co/tYf3jmz/amos-yan-no-entry-1.jpg"},{"id":"6288229610578@c.us","link":"https://i.ibb.co/tYf3jmz/amos-yan-no-entry-1.jpg"},{"id":"6289644605730@c.us","link":"https://i.ibb.co/tYf3jmz/amos-yan-no-entry-1.jpg"},{"id":"6285788611243@c.us","link":"https://i.ibb.co/tYf3jmz/amos-yan-no-entry-1.jpg"},{"id":"6288222476307@c.us","link":"https://i.ibb.co/tYf3jmz/amos-yan-no-entry-1.jpg"},{"id":"6285348671096@c.us","link":"https://i.ibb.co/tYf3jmz/amos-yan-no-entry-1.jpg"},{"id":"6288299387519@c.us","link":"https://i.ibb.co/tYf3jmz/amos-yan-no-entry-1.jpg"},{"id":"6285864970764@c.us","link":"https://i.ibb.co/tYf3jmz/amos-yan-no-entry-1.jpg"},{"id":"62895322261546@c.us","link":"https://i.ibb.co/tYf3jmz/amos-yan-no-entry-1.jpg"},{"id":"6281256639437@c.us","link":"https://i.ibb.co/tYf3jmz/amos-yan-no-entry-1.jpg"},{"id":"6285247058518@c.us","link":"https://i.ibb.co/tYf3jmz/amos-yan-no-entry-1.jpg"},{"id":"6283152174816@c.us","link":"https://i.ibb.co/tYf3jmz/amos-yan-no-entry-1.jpg"},{"id":"6283177075196@c.us","link":"https://i.ibb.co/tYf3jmz/amos-yan-no-entry-1.jpg"},{"id":"6289696859375@c.us","link":"https://i.ibb.co/tYf3jmz/amos-yan-no-entry-1.jpg"},{"id":"6285892974002@c.us","link":"https://i.ibb.co/tYf3jmz/amos-yan-no-entry-1.jpg"},{"id":"6285243846279@c.us","link":"https://i.ibb.co/tYf3jmz/amos-yan-no-entry-1.jpg"},{"id":"6282372429169@c.us","link":"https://i.ibb.co/tYf3jmz/amos-yan-no-entry-1.jpg"},{"id":"62895806362988@c.us","link":"https://i.ibb.co/tYf3jmz/amos-yan-no-entry-1.jpg"},{"id":"6287738572922@c.us","link":"https://i.ibb.co/tYf3jmz/amos-yan-no-entry-1.jpg"},{"id":"6289670303650@c.us","link":"https://i.ibb.co/tYf3jmz/amos-yan-no-entry-1.jpg"},{"id":"6288223576513@c.us","link":"https://i.ibb.co/tYf3jmz/amos-yan-no-entry-1.jpg"},{"id":"6282228315851@c.us","link":"https://i.ibb.co/tYf3jmz/amos-yan-no-entry-1.jpg"},{"id":"6283121371625@c.us","link":"https://i.ibb.co/tYf3jmz/amos-yan-no-entry-1.jpg"},{"id":"6283899785929@c.us","link":"https://i.ibb.co/tYf3jmz/amos-yan-no-entry-1.jpg"},{"id":"6281294846280@c.us","link":"https://i.ibb.co/tYf3jmz/amos-yan-no-entry-1.jpg"},{"id":"62859114972435@c.us","link":"https://i.ibb.co/tYf3jmz/amos-yan-no-entry-1.jpg"},{"id":"6285865006572@c.us","link":"https://i.ibb.co/tYf3jmz/amos-yan-no-entry-1.jpg"},{"id":"6289695138086@c.us","link":"https://i.ibb.co/tYf3jmz/amos-yan-no-entry-1.jpg"},{"id":"6281326993232@c.us","link":"https://i.ibb.co/tYf3jmz/amos-yan-no-entry-1.jpg"},{"id":"18762176023@c.us","link":"https://i.ibb.co/tYf3jmz/amos-yan-no-entry-1.jpg"},{"id":"17082154192@c.us","link":"https://i.ibb.co/tYf3jmz/amos-yan-no-entry-1.jpg"},{"id":"16474969739@c.us","link":"https://i.ibb.co/tYf3jmz/amos-yan-no-entry-1.jpg"},{"id":"18765635453@c.us","link":"https://i.ibb.co/tYf3jmz/amos-yan-no-entry-1.jpg"},{"id":"6285778769464@c.us","link":"https://i.ibb.co/tYf3jmz/amos-yan-no-entry-1.jpg"},{"id":"6283894497167@c.us","link":"https://i.ibb.co/tYf3jmz/amos-yan-no-entry-1.jpg"},{"id":"6285726345338@c.us","link":"https://i.ibb.co/tYf3jmz/amos-yan-no-entry-1.jpg"},{"id":"6289527151918@c.us","link":"https://i.ibb.co/tYf3jmz/amos-yan-no-entry-1.jpg"},{"id":"6289651399339@c.us","link":"https://i.ibb.co/tYf3jmz/amos-yan-no-entry-1.jpg"},{"id":"6282189095646@c.us","link":"https://i.ibb.co/tYf3jmz/amos-yan-no-entry-1.jpg"},{"id":"6289636335922@c.us","link":"https://i.ibb.co/tYf3jmz/amos-yan-no-entry-1.jpg"},{"id":"6285245324366@c.us","link":"https://i.ibb.co/tYf3jmz/amos-yan-no-entry-1.jpg"},{"id":"6285740955642@c.us","link":"https://i.ibb.co/tYf3jmz/amos-yan-no-entry-1.jpg"},{"id":"6281549187866@c.us","link":"https://i.ibb.co/tYf3jmz/amos-yan-no-entry-1.jpg"},{"id":"6282350963957@c.us","link":"https://i.ibb.co/tYf3jmz/amos-yan-no-entry-1.jpg"},{"id":"6285156623672@c.us","link":"https://i.ibb.co/tYf3jmz/amos-yan-no-entry-1.jpg"},{"id":"6289530643987@c.us","link":"https://i.ibb.co/tYf3jmz/amos-yan-no-entry-1.jpg"},{"id":"6285888351116@c.us","link":"https://i.ibb.co/tYf3jmz/amos-yan-no-entry-1.jpg"},{"id":"6289630397221@c.us","link":"https://i.ibb.co/tYf3jmz/amos-yan-no-entry-1.jpg"},{"id":"6283165844360@c.us","link":"https://i.ibb.co/tYf3jmz/amos-yan-no-entry-1.jpg"},{"id":"6289655258185@c.us","link":"https://i.ibb.co/tYf3jmz/amos-yan-no-entry-1.jpg"},{"id":"6283148138860@c.us","link":"https://i.ibb.co/tYf3jmz/amos-yan-no-entry-1.jpg"},{"id":"6282384778820@c.us","link":"https://i.ibb.co/tYf3jmz/amos-yan-no-entry-1.jpg"},{"id":"6283835908198@c.us","link":"https://i.ibb.co/tYf3jmz/amos-yan-no-entry-1.jpg"},{"id":"6285331973425@c.us","link":"https://i.ibb.co/tYf3jmz/amos-yan-no-entry-1.jpg"},{"id":"6282181644747@c.us","link":"https://i.ibb.co/tYf3jmz/amos-yan-no-entry-1.jpg"},{"id":"6289510656148@c.us","link":"https://i.ibb.co/tYf3jmz/amos-yan-no-entry-1.jpg"},{"id":"6287868287554@c.us","link":"https://i.ibb.co/tYf3jmz/amos-yan-no-entry-1.jpg"},{"id":"6285765887558@c.us","link":"https://i.ibb.co/tYf3jmz/amos-yan-no-entry-1.jpg"},{"id":"6287708774403@c.us","link":"https://i.ibb.co/tYf3jmz/amos-yan-no-entry-1.jpg"},{"id":"62895611865152@c.us","link":"https://i.ibb.co/tYf3jmz/amos-yan-no-entry-1.jpg"},{"id":"6281554220087@c.us","link":"https://i.ibb.co/tYf3jmz/amos-yan-no-entry-1.jpg"},{"id":"6282130363863@c.us","link":"https://i.ibb.co/tYf3jmz/amos-yan-no-entry-1.jpg"},{"id":"6281268928688@c.us","link":"https://i.ibb.co/tYf3jmz/amos-yan-no-entry-1.jpg"},{"id":"6289671310453@c.us","link":"https://i.ibb.co/tYf3jmz/amos-yan-no-entry-1.jpg"},{"id":"6287754743622@c.us","link":"https://i.ibb.co/tYf3jmz/amos-yan-no-entry-1.jpg"},{"id":"6289526969200@c.us","link":"https://i.ibb.co/tYf3jmz/amos-yan-no-entry-1.jpg"},{"id":"6289525564937@c.us","link":"https://i.ibb.co/tYf3jmz/amos-yan-no-entry-1.jpg"},{"id":"6287838865679@c.us","link":"https://i.ibb.co/tYf3jmz/amos-yan-no-entry-1.jpg"},{"id":"62895700521484@c.us","link":"https://i.ibb.co/tYf3jmz/amos-yan-no-entry-1.jpg"},{"id":"12016794722@c.us","link":"https://i.ibb.co/tYf3jmz/amos-yan-no-entry-1.jpg"},{"id":"18768274381@c.us","link":"https://i.ibb.co/tYf3jmz/amos-yan-no-entry-1.jpg"},{"id":"6283809475292@c.us","link":"https://i.ibb.co/tYf3jmz/amos-yan-no-entry-1.jpg"},{"id":"6283177317373@c.us","link":"https://i.ibb.co/tYf3jmz/amos-yan-no-entry-1.jpg"},{"id":"628987810153@c.us","link":"https://i.ibb.co/tYf3jmz/amos-yan-no-entry-1.jpg"},{"id":"6282172001936@c.us","link":"https://i.ibb.co/tYf3jmz/amos-yan-no-entry-1.jpg"},{"id":"628817699016@c.us","link":"https://i.ibb.co/tYf3jmz/amos-yan-no-entry-1.jpg"},{"id":"628884779104@c.us","link":"https://i.ibb.co/tYf3jmz/amos-yan-no-entry-1.jpg"},{"id":"6288744955831@c.us","link":"https://i.ibb.co/tYf3jmz/amos-yan-no-entry-1.jpg"},{"id":"6285378983690@c.us","link":"https://i.ibb.co/tYf3jmz/amos-yan-no-entry-1.jpg"},{"id":"6285768976906@c.us","link":"https://i.ibb.co/tYf3jmz/amos-yan-no-entry-1.jpg"},{"id":"6289659470607@c.us","link":"https://i.ibb.co/tYf3jmz/amos-yan-no-entry-1.jpg"},{"id":"6282142846823@c.us","link":"https://i.ibb.co/tYf3jmz/amos-yan-no-entry-1.jpg"},{"id":"62895397102306@c.us","link":"https://i.ibb.co/tYf3jmz/amos-yan-no-entry-1.jpg"},{"id":"6281936088265@c.us","link":"https://i.ibb.co/tYf3jmz/amos-yan-no-entry-1.jpg"},{"id":"6282253527371@c.us","link":"https://i.ibb.co/tYf3jmz/amos-yan-no-entry-1.jpg"},{"id":"6285215902909@c.us","link":"https://i.ibb.co/tYf3jmz/amos-yan-no-entry-1.jpg"},{"id":"6289503657396@c.us","link":"https://i.ibb.co/tYf3jmz/amos-yan-no-entry-1.jpg"},{"id":"6281250295156@c.us","link":"https://i.ibb.co/tYf3jmz/amos-yan-no-entry-1.jpg"},{"id":"6283135778762@c.us","link":"https://i.ibb.co/tYf3jmz/amos-yan-no-entry-1.jpg"},{"id":"6282268350497@c.us","link":"https://i.ibb.co/tYf3jmz/amos-yan-no-entry-1.jpg"},{"id":"6285942098916@c.us","link":"https://i.ibb.co/tYf3jmz/amos-yan-no-entry-1.jpg"},{"id":"6282284174586@c.us","link":"https://i.ibb.co/tYf3jmz/amos-yan-no-entry-1.jpg"},{"id":"6283822358841@c.us","link":"https://i.ibb.co/tYf3jmz/amos-yan-no-entry-1.jpg"},{"id":"6281775127251@c.us","link":"https://i.ibb.co/tYf3jmz/amos-yan-no-entry-1.jpg"},{"id":"6281320643357@c.us","link":"https://i.ibb.co/tYf3jmz/amos-yan-no-entry-1.jpg"},{"id":"6285650822398@c.us","link":"https://i.ibb.co/tYf3jmz/amos-yan-no-entry-1.jpg"},{"id":"6281291528147@c.us","link":"https://i.ibb.co/tYf3jmz/amos-yan-no-entry-1.jpg"},{"id":"6281382993989@c.us","link":"https://i.ibb.co/tYf3jmz/amos-yan-no-entry-1.jpg"},{"id":"6285691279305@c.us","link":"https://i.ibb.co/tYf3jmz/amos-yan-no-entry-1.jpg"},{"id":"62859152961781@c.us","link":"https://i.ibb.co/tYf3jmz/amos-yan-no-entry-1.jpg"},{"id":"62895617700870@c.us","link":"https://i.ibb.co/tYf3jmz/amos-yan-no-entry-1.jpg"},{"id":"6288803857635@c.us","link":"https://i.ibb.co/tYf3jmz/amos-yan-no-entry-1.jpg"},{"id":"6285765045470@c.us","link":"https://i.ibb.co/tYf3jmz/amos-yan-no-entry-1.jpg"},{"id":"62881037457524@c.us","link":"https://i.ibb.co/tYf3jmz/amos-yan-no-entry-1.jpg"},{"id":"6281220809154@c.us","link":"https://i.ibb.co/tYf3jmz/amos-yan-no-entry-1.jpg"},{"id":"6285559050256@c.us","link":"https://i.ibb.co/tYf3jmz/amos-yan-no-entry-1.jpg"},{"id":"6281524331170@c.us","link":"https://i.ibb.co/tYf3jmz/amos-yan-no-entry-1.jpg"},{"id":"6281225682013@c.us","link":"https://i.ibb.co/tYf3jmz/amos-yan-no-entry-1.jpg"},{"id":"6282348869549@c.us","link":"https://i.ibb.co/tYf3jmz/amos-yan-no-entry-1.jpg"},{"id":"6285358389050@c.us","link":"https://i.ibb.co/tYf3jmz/amos-yan-no-entry-1.jpg"},{"id":"62895602320530@c.us","link":"https://i.ibb.co/tYf3jmz/amos-yan-no-entry-1.jpg"},{"id":"6285342972718@c.us","link":"https://i.ibb.co/tYf3jmz/amos-yan-no-entry-1.jpg"}]